FirstName,LastName,Passport
Thomas,Miller,C9T2VRKWK
Sandra,Scott,T8B206ZI3
Anthony,Perez,CCLVX0SGT
Joshua,Ramirez,CUEZW30WR
Nancy,Martinez,MK2YESEMV
Barbara,Jones,VXR9AOOAH
Sarah,Garcia,EQMRRU0DU
Joshua,Johnson,VAF8EJCVI
Jennifer,Rodriguez,EDGSWTVU3
Lisa,Brown,O9BWM4WCF
Robert,Smith,621RGSBDO
William,Clark,WG86NL1F5
Linda,Moore,W33H6Y1QG
Joseph,Thompson,P02I0QP0B
Elizabeth,Jackson,AWCOLFW7E
William,Hernandez,R1TKBSNZ7
William,Rodriguez,HQQT9JU98
Mary,Thomas,FCAGXZQYW
Kevin,Ramirez,WYP1BWWXP
Matthew,Scott,HGXCSLO7H
Elizabeth,Thompson,5FDVRIAPH
Kimberly,Gonzalez,2N8DH2I1E
Susan,Moore,EQHVVKGZZ
Lisa,Hernandez,TGPV2T33L
Steven,Smith,6ZKF9OB8W
Elizabeth,Brown,53TWUQG4M
Robert,Wilson,ZGFM5DJAQ
Charles,Martinez,NJ2Z8J81T
Donna,Jones,ETM15OPU3
Joshua,Robinson,49QK7Q6HT
Lisa,Flores,H8XMUZL6B
Susan,Allen,R2X22RDDV
Linda,Williams,NP3A0LEF7
Donna,Hernandez,FFJ0OCVWY
Elizabeth,Clark,VI1VMGDYV
Emily,Williams,JT0ORQPGI
Betty,Garcia,T17UQKJMR
Michael,Gonzalez,BV73B09MO
Mary,Williams,LII7C3XIV
Margaret,Ramirez,18HIK7L9Y
Christopher,Scott,LYLCWBGAB
Margaret,Williams,9VGBH9TNM
Dorothy,Gonzalez,N2TZP9OBX
Donna,Brown,6GPXNEGLL
Margaret,Ramirez,LFKA8MAJL
Sarah,Torres,RAO7C75IK
James,Rodriguez,ST2DWD7V8
Kimberly,Robinson,4KV3455DB
Karen,Wright,J9VOYR0NM
Charles,Allen,EAORXE3SF
Dorothy,Sanchez,WYQO4GMJ6
Jennifer,Walker,CYOP6QZLV
Mark,Jones,J4X3NYCXR
Steven,Wilson,J84RIQOP3
Steven,Brown,JPSFVSIIH
Mary,Wilson,J8GUS490O
Sarah,Scott,MZ36RF0KJ
Karen,Martinez,67ROC9YSY
Barbara,Harris,RQ51IZUSX
Michael,Lewis,LG8AOF4MH
William,Flores,J5LJQMG4H
Joseph,Lee,FBUNT5PU8
Daniel,Davis,53BKHGXFA
Thomas,Gonzalez,Y228ES668
Christopher,Martin,IGQPYZYEH
Elizabeth,Perez,H64C6LFY9
Daniel,White,FPN2EPGVA
Nancy,Lopez,HA6ABP9KR
Jessica,Anderson,BMWSGIO4E
John,Young,ST9S3K8BJ
Karen,Garcia,R2NRFR3C0
Mary,Brown,19VP970N4
Sandra,Anderson,IPRHA5YY6
Mary,Robinson,2TUSTOH1P
Donna,Martinez,TTUJXEWRX
John,Thomas,PPR34U11Q
Anthony,Hernandez,3PYNCANS6
Donna,Moore,93AHPEQPJ
Steven,Gonzalez,PNWA1SNEB
Karen,Wilson,QRQ74OLUW
Susan,Gonzalez,CKZSVRUBY
Joseph,Sanchez,ODFUSUDCJ
Daniel,Young,IE9LA6U7C
Barbara,Flores,YQOG2KSEV
Jennifer,Sanchez,65G4F0HN1
Paul,Garcia,GQBGLI8ER
Emily,Torres,86QQBJOXN
Emily,Anderson,K5R5V2PTS
Barbara,Clark,3ENHGEE6F
Mary,Allen,DUOGJ4DW0
Christopher,Lewis,AQX1EC30S
Thomas,Young,1AVOQ6AYR
Kimberly,Hill,T3MQJICXK
Robert,Harris,1250ZKLN4
William,Nguyen,3XSNZJK3M
Andrew,White,Z5LCTFLSQ
Barbara,Jackson,DUV6K57NH
William,Lee,X2B1DAF1S
Emily,Thompson,CP33GAI4L
Jessica,Lewis,KD8OVLZQQ
Dorothy,Taylor,9CBJMTD00
Kimberly,Robinson,8EZPTQREA
Donna,Ramirez,O58BTMDGK
David,Allen,ZSHFZWVQ6
Robert,Rodriguez,BOMBJNC14
Michael,Taylor,NJTHUFQJN
Jennifer,Smith,L7S7KA624
Anthony,Gonzalez,TSQA8QRMI
Andrew,Lewis,044SBLC4R
Mary,Taylor,VNK24YZRX
Betty,Davis,WQ9N8NPF3
Steven,Taylor,7NYCSC205
Richard,Flores,VWUYYQPQF
Joseph,Martinez,CAD63I3G0
Sandra,Perez,VZOOS0AP4
Paul,Gonzalez,GY7488HBK
Joshua,Smith,1C25V11JN
Susan,Torres,BODC2YOUF
Lisa,Walker,ED5PKHL3F
Daniel,Miller,0QKIJ7L4B
Robert,Davis,UEBUIGIVC
Joshua,Harris,GMMLIUPWA
James,Jones,REYXMI40H
Linda,Moore,Q6WG509M6
Paul,Lee,XP6J965E1
Robert,Sanchez,AR38648HM
James,Lee,GCH2VAKH8
Kevin,Jackson,5499M34QP
Joseph,Robinson,9DOXCOGT9
Elizabeth,Wilson,HXK0OD5NA
Ashley,Martinez,VFIBI0BF6
Lisa,Miller,ZEDBO9H9F
Joshua,Jackson,EBH9QGIN8
Steven,Torres,LDMGK9599
Matthew,Ramirez,L1O3EQET9
Kimberly,Clark,AF7Q8SFKI
Sandra,Lewis,341C7NSXK
Ashley,Lopez,UTW7V77GT
Robert,Scott,2HZTG83NI
Patricia,Walker,U8BG6SF2S
Christopher,Anderson,4GB01LSTL
Jessica,Lopez,W1OGIKSZX
Paul,Martin,RWJ5XV0K1
Elizabeth,Wright,YZJP0QL1A
Barbara,Sanchez,IHXD8LWFJ
Kimberly,Nguyen,YG4WP2C67
David,Gonzalez,S0FIXBHY4
Matthew,Lee,COEG8N1XN
David,Scott,CRFAIFFL5
Thomas,Hernandez,NTNXCL5OM
Jennifer,Ramirez,YG8P8B8CA
Karen,Martin,Y9NOTNO18
Margaret,Wilson,OG3ZPD74K
Karen,White,LPLONOJU2
Joshua,Hill,QQKK4HL51
Christopher,Johnson,75VRC298Y
Jennifer,Flores,WT6N4I6YO
Andrew,Moore,141HEEFKO
Daniel,Taylor,008CO7SQV
Linda,Hill,H2CDRH1O3
Mary,Robinson,Q7M6BB9QL
Richard,Sanchez,SCB2NALYU
John,Williams,YJLYRREE9
David,Robinson,ZHUYGD2CL
Barbara,Anderson,0AE4SU2DY
Paul,King,MX33IZSTQ
Richard,Miller,GE6J7TR09
Christopher,Scott,B3XDW23DV
Thomas,Smith,OTGRN2LLM
Jennifer,Jackson,TCA7XDLBX
Jessica,Walker,I10MUW2DZ
James,Jackson,5LWWNJNFQ
Emily,Allen,Y9O9X1Q8C
Elizabeth,Garcia,GEE9QHCZH
John,Lee,860WGKRS9
Joshua,Nguyen,Q1D12NXH3
Charles,Garcia,EQNENDKG0
Sandra,Robinson,7UV3RODD1
Emily,Nguyen,6BG93WPAI
Patricia,Smith,TS5FTCGKO
Anthony,Taylor,7AJGPUBBJ
Matthew,Lee,X6IPL094B
Kimberly,Hernandez,L9J93PX9S
Betty,King,4OOQAFHGO
Nancy,Martin,D73I9Q2OL
Betty,Jones,FN14559WL
Matthew,Lewis,M0WLYZ1MR
Margaret,Scott,BT2E52VAC
Christopher,Jackson,YG83VPKHT
Betty,Thompson,IG615W2BH
Christopher,White,2NJWMNPAH
Robert,Davis,OVBW2DJKR
Elizabeth,Wilson,C4FL6UTLG
Mary,Thomas,2WVVYOB2E
Michael,Miller,DIIZT9CAQ
Dorothy,Perez,X1UIK4RKN
Donna,Smith,WIXS2WJBG
Richard,Garcia,N17VXHJMI
Mark,Lopez,X06MJUVQL
Ashley,Ramirez,SIWLHPFZX
Karen,Wright,G4YOGJG7C
Matthew,White,MBIYK4DCI
Richard,Miller,CJIO68X4K
Anthony,Thompson,93EMVF6G2
Mary,Lee,9RR8EXIHP
Anthony,Perez,2OGOQTYKS
Donna,Wilson,NC058NFMG
Thomas,Scott,QFS0N1HIQ
Lisa,Gonzalez,P1GLXM1VK
Jennifer,Hernandez,6CHM77K71
William,Harris,YJJZ4BU49
Dorothy,Smith,5UNYVAX2P
Mark,Garcia,80XM77GOY
Emily,Torres,IO5EYHA6N
Linda,Moore,EWVFSLFO7
Steven,Scott,7DT5O96BM
Anthony,Anderson,QQ2IT7D6J
John,Williams,ZIBNJ8XG7
Kimberly,White,5X34NU4S4
Christopher,Ramirez,CO5FMHK5U
Joshua,Lewis,UCGSSEN2V
Jennifer,White,CY8HI4L4R
Dorothy,Thomas,8LZWI1H9B
Thomas,Jackson,YG0925NJ1
Patricia,Harris,MNPIHA4W8
Ashley,Hernandez,S4POXWHZL
Andrew,Lee,4J0BHPX0W
Sarah,Walker,1M5AL4SQJ
Sandra,Anderson,12VU3EVTG
Steven,Taylor,E17OPUCOC
Thomas,Allen,YIPHACK6Z
Margaret,Gonzalez,ZS6H75OLO
Donna,Rodriguez,FQ7GK4QYZ
Patricia,Scott,5CL4D4ZEH
Lisa,Smith,W5HCVCWZL
Lisa,Flores,1EBEQWT09
David,Hill,V9TCZQADD
Sandra,Williams,IYHIGWMYI
Daniel,Taylor,GD14Z41CE
Kimberly,Lopez,YLGL22S36
Robert,Flores,ALOVORM38
Mark,Jackson,88GY1BDVM
Kevin,Hernandez,X27FAMZQK
William,Williams,A0MTB64UB
Thomas,Rodriguez,G3T5S6PHE
Joseph,Wilson,OK8OGKGBP
Susan,Torres,EF4MVZSB6
Nancy,Lee,G36K81PF8
John,Smith,RLGWRPRIU
Charles,Wilson,7LZ8HNET1
Michael,Moore,8VVEERJAX
Anthony,Williams,QGP8Z2SDZ
Thomas,Ramirez,25A4PWTJG
Matthew,King,J99MES1GX
James,Perez,JCQ2PZ1FA
Betty,Lopez,M93FB6KGR
Elizabeth,Wilson,AAYROLLP5
Kevin,Gonzalez,S3381GPBB
Mary,Jones,0JNQP8ZJJ
Susan,Garcia,LJDFAS4JP
Margaret,Scott,71CWAI74V
Andrew,Jackson,FDSKUKIWZ
Dorothy,Ramirez,J0OZY7KP5
Christopher,Flores,REFMWNEIW
Mary,White,1CW4WFCQH
James,King,ISJSSI22P
David,Miller,LM7OZ6HRK
Joshua,Robinson,P69YAWJTU
Lisa,Anderson,3PPF7ZXQO
Steven,Flores,SS7WAKO53
Sandra,Johnson,GAZMC57PT
Sarah,Garcia,T8GFSPP5Z
Sandra,Allen,RZSPRZVMK
Jennifer,Wright,85R43ZRTV
Emily,Nguyen,55QXX78K6
Betty,Lopez,2FHXLQ2WF
Susan,Garcia,XFSX4ZY0H
Nancy,Brown,OB1WKKCIX
Karen,Scott,JU1LT5MOO
Susan,Taylor,PLJ8NQWSU
John,Walker,F927ZN1QV
John,Garcia,14SQUFRR3
Joseph,Lewis,SPE2A2FNU
Kevin,Smith,7VYUGY707
James,Torres,IQX1RJF0F
Kevin,Williams,DGA46VHY3
Joseph,Flores,Q42CAG4FJ
Kevin,Brown,60NCW9RGY
Jessica,White,D6H0K5U5U
David,Lopez,T9CJRNQOT
Richard,Allen,8WG49WZIV
Sandra,Martin,NY7L7OK8J
Kimberly,Anderson,X5SBO1PU5
Richard,Moore,E1CRNA9U2
Sandra,Brown,0BPYEB87M
Robert,Moore,FU26QIX26
Donna,Smith,XULSQS8ZR
Emily,Gonzalez,JVUJPSG0Q
Kevin,Hernandez,I9HP9U4VH
Daniel,Ramirez,I6T4GHOO0
Elizabeth,Scott,ZEUTXOF85
Paul,Robinson,ZSVMPP5HM
Mark,Williams,M4JL09QUA
Dorothy,Lopez,DNV6QIIWY
Mary,King,0HZPG769Y
Michael,Johnson,YHBHTI1W8
Donna,Young,M1JVI5B16
James,Flores,ASAMRFLI7
William,Scott,5CGABS53Q
Karen,Thomas,0WYK3PX4S
Sandra,Allen,8IEPLJKK7
Joshua,Davis,PZSSI31BT
Mary,Davis,KUOQXH5P8
Michael,Johnson,8938AXKD2
Barbara,Young,9S42IJPEP
Mary,Gonzalez,RTP81HZQ0
Michael,Flores,TA8UESUFX
Jennifer,Miller,CU1HLTYNJ
Kevin,Young,VSIUFL1F0
Jessica,Brown,R9XQL7S8D
Joshua,Lopez,2L4JA42EN
Karen,Sanchez,MFFALZJZM
Lisa,Miller,1AP4AAXBC
Joseph,Jones,WPJ1RT3CH
Charles,Brown,QEFPUV2RW
Charles,Wright,CM8C3O0PW
Barbara,Harris,1J96DM6A9
Michael,Wilson,BF1CWD0IN
Nancy,Smith,IYLEO157E
Mark,Garcia,OF3ACY28S
Susan,Lewis,8DYA55GV3
Jennifer,Rodriguez,47EK1YOI3
Sarah,Nguyen,B71V4PUTK
Dorothy,Miller,B9MA0HROQ
Kimberly,Johnson,AV8REEM71
Christopher,Lopez,RMI5J94WQ
Anthony,Perez,AIZ37QB0N
Mark,Wilson,LLJX0LJ0G
Barbara,Lopez,J1LH1VVPA
Lisa,Wright,JKCL0C6W1
James,Perez,KWTFRL2AV
James,Robinson,QHOE61QRW
Daniel,Flores,4JRNCT6PD
Anthony,Wilson,AO5CO3C6J
Jennifer,Sanchez,NZWPTIICJ
Emily,Gonzalez,88UZT9K1H
Jessica,Perez,5SGYAH4MS
Jennifer,Thompson,VCZKOV9ZH
Emily,Perez,G01QPPZWM
Lisa,Brown,UJS109JBC
Anthony,Garcia,L0995WATQ
Kevin,Moore,S3XB9W39C
James,Wilson,D4NK9CBR2
David,Sanchez,XM78D79JN
Linda,Gonzalez,I77L3W786
Kimberly,Hill,ECD4EYO42
Richard,King,BH1KLR7QU
William,Robinson,AETEWTRMN
Kimberly,Anderson,XF0YK07QZ
Steven,Martin,XV2TXTL6E
Charles,Young,RAW84YXYX
Jennifer,Allen,OOQJO9T31
Linda,Allen,8UWDWX5JD
Andrew,Williams,HBOXVHHQT
Paul,Williams,5TRWU5V9A
Betty,Young,J3TLMDT6U
Daniel,Moore,4VXX9QW70
James,Sanchez,BH792WJ0A
Joshua,Thomas,P1RHM93F9
Susan,Walker,VZVAX8JUW
Richard,Flores,2LCNF0SBY
Mark,Jackson,W7L8LWIX3
Kimberly,Nguyen,1BIOI4JBE
James,Sanchez,QBGGQC5JI
Matthew,Lewis,JRANFHCHT
Paul,White,1COW2483M
Elizabeth,White,3VEFS8YAI
Barbara,Scott,P0KXWK77W
Kevin,Wilson,18GLN2FF9
Christopher,Harris,1CBB6TU6P
Joshua,Rodriguez,YCQY3OH70
Barbara,King,4553V0OQC
Kimberly,Garcia,QW3L2KP5J
Robert,Clark,FDH524Y7O
Nancy,Perez,OJ64D6S8M
Matthew,Clark,NH4UNZLO2
Sarah,Garcia,TNHPNRTZ4
Elizabeth,Anderson,C4PVJ9P49
Sandra,Jones,QUGY7ICJU
Ashley,Perez,HUZRAGY4P
Betty,Scott,0E22IVVL8
Paul,Wright,FSDI894IX
David,White,9K8QY0X4I
Charles,Harris,UV3MD76Y1
Mary,Miller,6807WRV1Q
Mark,Lopez,L9T8X3OAF
Andrew,Gonzalez,KA1BMETB8
Susan,Brown,291SC4Q1A
Susan,Nguyen,ZLP46CU3U
Susan,Davis,9NUSTM2TC
Joseph,Perez,5AQW39UUG
Donna,Perez,9ERWYVCZN
Karen,Wilson,XHGL4118V
Donna,Hernandez,Y9C56FRA9
Joseph,Clark,LTC7QEH82
Lisa,Robinson,TJVPCIHI2
Patricia,Martin,J2H7ESMIE
Emily,Flores,Z0ASWEYCZ
Michael,Brown,FZ35AHQQP
John,Clark,CILHRDJZ7
Mark,Anderson,8U0JIGUIE
Paul,Gonzalez,Q4BRT6VM6
Thomas,Harris,ILTX79T0L
Joseph,Jones,JCV6M6R35
Anthony,Wright,PF3IAHIEB
Margaret,Ramirez,2YF62X8E5
Joshua,White,ZEUXCYJDM
Steven,Wilson,QZ60OQS1Z
Kevin,Rodriguez,T46AWPS9W
Kevin,Harris,R916BEJBJ
Emily,Moore,B3BWI9ETV
Richard,Martinez,F39FYEUYF
Anthony,Thompson,34J34TLVA
Patricia,Davis,766RW5BHV
Christopher,White,FSLA2AU0O
Matthew,Sanchez,UNIVBBAWC
Jessica,Garcia,CBROSU3B6
William,Gonzalez,9PMSR5KCH
Michael,Lee,GJKPKWUEG
William,King,IUG8XQFDG
Joshua,King,XNXJ228KZ
Ashley,Martinez,EILFGW86S
Thomas,Williams,9ISGPURCP
Jennifer,Wright,1ATNFCA7C
Anthony,Robinson,J3V8W3PJL
Thomas,Garcia,S9XN865UL
Barbara,Lee,IS04EPKLY
Jennifer,Wright,MGZNTHCN3
Ashley,Jackson,HHLEOYY5I
Michael,Scott,E9MHKMD8X
Emily,Harris,KSSD5I5M6
Patricia,Smith,6RMFQ51R6
Kevin,Harris,1QPK7R05P
Daniel,Miller,2WN4ZK96W
Ashley,Gonzalez,MMPFXSWD3
Joseph,Jackson,HOFIBCE81
Thomas,Perez,9R94L5S1M
Sandra,Lewis,CDQM2S8BL
Donna,Rodriguez,MUWD1XBMR
Emily,Wilson,U1N6PQXIQ
Robert,Davis,Y16YRDB59
Steven,Williams,TVQ2MH31X
Jessica,Flores,93Z4R33OW
Paul,Allen,NIUHYZIYB
Daniel,Davis,EG0GMK52K
David,Harris,I078V9VIG
James,Allen,IQQO9WW8W
Emily,Lopez,BHH9B4CPU
Joshua,Sanchez,73M37TUG6
Joshua,Sanchez,IUWC8HW6N
William,Allen,T4XVOBSF7
Sandra,Thomas,GZZB5BIYS
Betty,Hill,NDQV0X6PD
Karen,Walker,9DJI4LTTT
Lisa,Lee,7LNNK4UD8
Jennifer,Flores,PV918S9KB
Matthew,Wilson,78AHWCWIL
Mary,Davis,IE8N8JD1H
Linda,Johnson,WHORN2NSK
Charles,Allen,K8EHV5FSZ
Steven,Perez,5VWVXIW3D
Kevin,Robinson,Q4WPIBUI0
William,Lee,6S9U0XK7P
Mark,Flores,CJR37Z5CK
Robert,White,0BN4BSVJH
Andrew,Lopez,HSXXCJB6L
Jennifer,Robinson,N7EQI0EV9
Thomas,Wright,84OIHW1J6
Paul,Wright,RK9B27PHS
Sandra,Ramirez,QWJA83O1I
Ashley,Lee,AY46A6A61
Richard,Wright,PKOQRXDZS
Lisa,Clark,NCN8X37IO
Jennifer,Gonzalez,8CWI5RZCL
Daniel,Jones,E2SSHC9W6
Steven,Sanchez,76CCCNNAN
Thomas,Torres,2GZFJ3C8G
Linda,Smith,6TF531RJB
Joshua,Thomas,XYFCLR8IS
Robert,Lopez,IFJYA035F
Susan,Williams,DIKGPO454
Margaret,Walker,5L91QEP9B
Lisa,Williams,4TN7HSSD6
Steven,Nguyen,BPXHC48GL
Elizabeth,Walker,CQBGZYUAJ
Donna,Gonzalez,DBLFPW375
Kimberly,Williams,7BAFZHQGW
James,Walker,KTAAFMPDS
Michael,Harris,HQPJOLSNG
Elizabeth,Allen,CUWPNNRCU
Jennifer,Williams,HFB0UXQVF
Thomas,Jones,8BIS2GMS1
Elizabeth,Thomas,TVMHB4ZAD
Margaret,Davis,3YOFXPECS
Donna,Perez,XQV0BC6I4
Mary,Thomas,UN9PV0IS6
Barbara,Miller,DJUEE0FJS
Lisa,Williams,KEG542CET
Donna,Ramirez,K7FP8I7PY
Elizabeth,Sanchez,NPCGOZS0X
Mary,Martin,4CP2H0JI0
James,Young,TJNZP9VGF
Mark,Thompson,NYDZSG40C
Jessica,Sanchez,R1M95N21K
Thomas,Clark,KHBSKG7PQ
Daniel,Martinez,3WURAQCZE
Susan,Scott,8DGX39DCX
Ashley,Jackson,EP52R5XUC
Jennifer,Gonzalez,YVLKMCSIJ
Lisa,Lopez,3OJMNGYOC
Lisa,Perez,RJN013EJT
John,Sanchez,6MEDYU0NN
Dorothy,Hill,3XY1ZRRWH
Patricia,Martin,ORJHYFP6X
Barbara,Hill,B9WE4GWLP
Kimberly,Thompson,QAFV0YDXQ
Anthony,Miller,ECBZJDY7C
Kevin,King,9TIX5QAN1
Sandra,Jackson,P2R8N23JG
Betty,Davis,86EFR7677
Jessica,Scott,DFX047D2W
Jessica,Thompson,DSWKXTG9Z
Andrew,Ramirez,5NRO3G89W
Daniel,Moore,6Q5YBLSBL
Steven,Allen,QSOXWMRTD
Karen,Clark,SHKELJRNI
William,Brown,JLSIB83FA
Donna,Jackson,NW8GPOJ4F
Kimberly,Garcia,H6385QT8P
Andrew,Scott,USA2R45BA
Margaret,Miller,E25QZFBK2
Michael,Anderson,QLQVGJHGD
Margaret,Martin,FBGC3BJHA
Mark,Jones,WVQRD9R9G
Jessica,Williams,MCDVB4CNH
Jessica,Wright,C25SL7DV5
Sandra,Wright,W1E1LEAIV
Sarah,Thompson,X6J4ZQE8F
William,Rodriguez,D2P58I0FK
Linda,Ramirez,C8YXKHJVS
Donna,Davis,KAQS4BMEL
Kevin,Nguyen,8POWO6SJ2
Lisa,Wilson,IW1SL1SAS
Richard,Hernandez,N0MJRIQ8Y
Richard,Flores,EME53RM34
Thomas,Allen,2MGG2RKXW
Sarah,Torres,YQ57KDXOW
Thomas,Torres,NU6GT9GS3
Lisa,Moore,ND334EAL5
Joshua,Taylor,L7CJZ8FAG
Karen,Brown,9EUN47XNZ
Robert,Taylor,2FXECJ8S3
Joshua,Gonzalez,S54ZVIYZP
Nancy,Gonzalez,KC1EW8FR6
Jessica,Williams,3Y43HIJOR
Donna,Hernandez,8WDF8J7LE
Mary,Garcia,IKV4SLDOS
Robert,Taylor,ZS8HTXUHC
Steven,Moore,GHU571QFR
Nancy,Sanchez,38SRMKQ37
Sandra,Brown,EGQQFTEND
Paul,Thompson,9BGI9TS3Z
Matthew,Robinson,Q75JEGL6C
Dorothy,Wilson,F751NKYVY
Mary,Davis,GT5EC85OT
Nancy,Davis,64PQ1Z04Y
Richard,Young,ZVI7IJYNB
Kevin,Walker,KM57KDEEQ
Elizabeth,Davis,G11D1Q48E
Mark,Smith,ROO7H0RXQ
Mark,Flores,4F62T5QA5
Mary,Williams,88HJJZWJM
Mark,Clark,BF6248W39
Charles,Lewis,XDGVMU822
Patricia,Hill,FMKIWHV4G
William,Smith,Y03X5A1GR
Anthony,Lopez,261T0TVP0
Patricia,Lee,3LU39D98R
Kevin,Taylor,TKMAX56W2
Matthew,Harris,C7ZEF0DGB
John,Scott,05G6Y74CG
Patricia,Perez,7KGTK4N65
Emily,Sanchez,BBJGQNHVZ
Dorothy,Martinez,TNG0BNMYE
Daniel,Anderson,TF36NOTZR
Paul,Torres,4366R19EQ
Charles,Clark,TPDQTKDBF
Emily,Ramirez,2Z7W4J8TM
Jessica,Moore,87KMOPZU1
Mary,Jones,ECPRSEVBX
Lisa,Lee,6KESUMGA1
Margaret,Hill,51H8BM178
Susan,Hill,WU1WFPK79
Christopher,Martinez,72RWZR0FV
Elizabeth,Perez,DVLE1NEUX
Daniel,Perez,YFINJUSR2
Andrew,Hernandez,DSV1L2PRW
Daniel,Jones,F7N1KQK5V
Joshua,White,7U154MJQP
Sandra,Taylor,LLA5DSAK2
Kimberly,Martin,37LCP05JZ
Steven,Anderson,Q8PTTMP2Q
Kevin,Anderson,LJ8RA3TLO
John,Moore,BYOS76JI4
Sandra,Flores,1BCL9H4CC
Matthew,Johnson,0IEBNLXJN
Donna,Gonzalez,9XO98XISH
Ashley,Clark,4GK97AJBH
Barbara,Robinson,N9R906Q6W
Nancy,Lee,2QZDIKCZH
Andrew,Young,JJ729I3J4
Michael,Thomas,21FTKMQCC
Donna,Nguyen,ZKT9U79QI
Elizabeth,Sanchez,XEQ2DJXQX
Kevin,Wright,4AJARUQD4
Matthew,Harris,W0DFFA934
Richard,King,H2HKAYVPH
Betty,Miller,97QISMDTW
Paul,Sanchez,G6SVEGY29
Matthew,Ramirez,8YULJ1MBX
Linda,Rodriguez,9VDL4GFJN
Mark,Wright,O1NA2QZVX
Nancy,Lee,WRR02R2AG
Nancy,Wright,ULS8X0N6L
Kevin,Lopez,HHH7RZSQL
Nancy,Martin,EJT22ANX3
Joseph,Flores,JFNF0OZG2
Thomas,Hill,YGGUGK3BT
Ashley,Ramirez,EC4BJQP4P
Donna,Williams,50ZVXYI1S
Karen,Johnson,R05YZOQQY
Richard,Martinez,L3T3RQLN8
Betty,Martin,KU114XIE7
Emily,Perez,LGBLRC856
Joshua,Thomas,A7584PL7T
Christopher,Harris,5U9KI7ST7
Mark,Garcia,7S3SQ7YM6
Sandra,Ramirez,EOGCNJK8P
Joseph,Sanchez,UGSR8AKQ5
Mary,Hernandez,1BNQ9N7VE
Anthony,Wilson,P4M3J7455
Steven,Flores,JLBCKUZ0F
Jessica,Ramirez,3QZDRX16F
David,Jones,COSKS7GC3
Paul,Moore,89UO7RLR4
Anthony,Hernandez,MF4UJAVX0
Karen,King,8K8RE5OWJ
Sarah,Davis,GOWTS44UJ
Steven,Hernandez,70Z05F9Q0
Kimberly,Clark,UXKX62O9O
Matthew,Jones,YAT9UP8G9
Kevin,Brown,VYCPMJJV2
Sarah,Martin,FMMNAHGVQ
Steven,Ramirez,T4IS1DC3J
Patricia,Lewis,V0KPH95G9
Donna,Smith,R83S4P4HN
Michael,Walker,IEI8L7GHI
Betty,Scott,DGE7YISV9
Sarah,Thomas,4F9S4XPSD
Elizabeth,Williams,OJ1PDMNS7
Matthew,Smith,DW1M2Y0QY
Richard,Davis,BAM2KPX1Y
Nancy,Rodriguez,QQC5QES8S
John,Garcia,JDAHMJ4JG
Michael,Hill,W9AUFGXTA
Linda,Wright,ONAR6RKP3
Kimberly,Miller,7GYNRJCT0
Barbara,King,OPAFMSXAM
Barbara,Ramirez,PG2ERZKZJ
Jennifer,Torres,E8TJE6C3K
Charles,Sanchez,PH55Z9BCK
Richard,Wilson,AX68SILNT
Margaret,Anderson,9JZX05I1F
Mary,Martin,S9QCM1L7Z
Kimberly,Young,EVM12Y4BM
James,Wilson,AHZA3396E
Charles,Williams,JTHJFDJSL
Mark,Thomas,JX7ZGR427
Donna,Miller,A7L9KNYC3
Charles,Lopez,STB6BF2VZ
Jennifer,Lewis,MCO1EEVYI
Joseph,Anderson,E4JM5RKXF
Kimberly,Miller,RXFPKQCIR
Betty,King,OW3EZPL2J
Thomas,Nguyen,F3JKR2M7Z
Joshua,Jones,ZOZK8NYH1
Matthew,Jones,AGQWAZLD2
Christopher,Thomas,NZONP0FXE
Richard,Flores,M328HV7YF
Barbara,Scott,2P3P9ZBNP
Richard,Wilson,QD7ULDEHN
Steven,Martin,ZT2FROB37
Robert,Garcia,41BN30UIQ
Ashley,Davis,GRDRLE2B4
Anthony,Brown,SJZJ5UJL9
Susan,Lee,IOWKX5DP6
Sandra,Scott,ORWPR2K5C
Anthony,Johnson,4J2FQR3KN
Matthew,Thompson,GP2UL6M31
Paul,Young,70YDVYWTN
Emily,Rodriguez,QTF9Y2FIO
Joseph,Taylor,9HS1L4RPX
Elizabeth,Thompson,N5SE7C7E9
Daniel,Thompson,6D9VG5W2B
Margaret,Walker,KK83AH4U8
Margaret,Rodriguez,RIPQ6WSEX
Emily,Robinson,DVOPPK3FC
Karen,Johnson,45BNLJAOY
Joshua,Rodriguez,64EY5L061
Steven,Torres,F7RIVTYQD
Matthew,Williams,J8UQHMOID
Barbara,Hernandez,SJB3UY5W2
Paul,Anderson,VWHK8G96S
Susan,Johnson,X3SXK6IZK
Elizabeth,Anderson,DE5SITWYY
Charles,Flores,GLKIBVNKC
John,Lee,Q7H1JSKBZ
Jennifer,Lewis,DWCUP35EG
Sandra,Taylor,U1XVSPLRU
Susan,Brown,ZD2TWYJ6R
Daniel,Torres,AGJR28EZK
Susan,Sanchez,LAFS0MM8W
Richard,Perez,LP6V6UXEK
Richard,White,SHXKN6JNT
Robert,Williams,NIJK99820
Donna,Taylor,WRYFNUWUU
William,Nguyen,UZFLAX7Y0
Christopher,Smith,7K0DKEOU3
Thomas,Lewis,G3GE90HYW
Sandra,Miller,TYE4ZKTAO
Barbara,Young,K9Z8BNPYI
Jennifer,Wilson,0EFYBRXVU
Michael,Ramirez,AKKSADNSI
Matthew,Robinson,109HPSEKC
Mary,Martin,15ML851BV
Robert,Wilson,VRI6265B7
Charles,Allen,XIPA7X8OA
Richard,Walker,H9JIEBK8C
Joshua,Sanchez,JY75J4H99
Charles,Scott,1K5PJAL4O
Matthew,Ramirez,E2F8JIU5D
Nancy,Ramirez,RKFWEDSU6
Elizabeth,Taylor,3XESQCTB7
David,Williams,NMW8G5WG4
Thomas,Scott,N6MRNDM7Q
Sandra,Anderson,E7K1WFTB4
Thomas,Thomas,WGFCDKU55
John,Ramirez,EDX936Z87
Karen,Robinson,73J45LN33
Robert,Ramirez,1MGPDAM41
Ashley,Gonzalez,HDMTQSGBX
Sandra,White,J9W47HD7V
Daniel,Miller,CLL0BXMTH
Betty,Young,5ZY5BQV8U
Christopher,Martinez,0F7REL09S
Linda,Taylor,3C2HUSTOK
Emily,Garcia,N4AJJC437
Barbara,Taylor,A4A9J5WDE
Emily,Sanchez,AEBUYL181
Andrew,Scott,QZJJLFBEN
Charles,White,YQ04YX04R
John,King,VUJS05O7Q
Charles,Clark,54S0R636A
David,Lee,T5XQ1JWDR
Ashley,Jackson,SFEM1XI4P
Linda,Lopez,FRJ2JPXSA
Andrew,Wilson,JIM6KETNK
Michael,Williams,4H67QBE70
Susan,Perez,ZLMB2Z12Q
Betty,Hernandez,RKDBAOHX2
Thomas,Johnson,OCQI1ZQ0W
Linda,Martin,EKAB5XO99
Joshua,Wilson,546Y7IM4R
James,Lopez,UBPZE9M2L
Lisa,Lopez,KTSOZHOPW
Sarah,Miller,FZR6V6CB9
Patricia,Lee,01D0RMK2J
Karen,Torres,G1X0V50BW
Matthew,Perez,CCCIFNSWP
Joshua,Hill,J3I9VM59B
Michael,Nguyen,913HWHZ1H
Joshua,Harris,12HNINRIW
Dorothy,Scott,D6U1BJFJB
Kimberly,Anderson,2ZE4168EG
Dorothy,Thomas,OM1ZEL5QS
Daniel,Davis,AE85DFO87
Andrew,Taylor,V8N512VNE
Matthew,Ramirez,DJ00VCZMV
Kevin,Williams,YZKHIAS1K
Nancy,Walker,TXD0URC4U
Matthew,Torres,EOHUMXMMI
James,Thomas,4OHR76XIA
Charles,White,7EAFT8YCL
Steven,Thompson,ZZXCWZ16Q
Sarah,Sanchez,UIMTAWGGG
John,Garcia,N4TN8KXHJ
Kevin,Robinson,5EQGL95KS
John,Brown,KGCHWVL30
Kimberly,Lewis,8KX71A222
Emily,Wright,NSCEENCNA
Dorothy,Anderson,1OO778FDL
Matthew,King,J0JW7SKQP
Karen,Lopez,KV25C2A9H
Thomas,Smith,B8WNVX52C
Kimberly,Anderson,CO3JRSZ8T
Steven,King,S9BUA3DM5
Jennifer,Brown,GJVNXMQC5
Anthony,Lee,UFLE7VHM5
Paul,Harris,S1EXRSYOS
Thomas,Walker,IXFNI23G1
Karen,Brown,ZANBICM0G
Daniel,Williams,WGK6PMKP5
Susan,Anderson,K92TS9YRO
John,Hernandez,IPM2QNOJO
Lisa,Robinson,S970R7KJT
Kevin,Sanchez,P7NDR37EE
Daniel,Martinez,DVB6HELFK
Michael,Clark,ZYJCJFKGK
Barbara,Allen,1H5XA2PEI
Lisa,Hill,WTQ88QB52
Andrew,Sanchez,Y0EKUKQBF
Betty,Wilson,FGSN4EJZI
Lisa,Moore,0UHDOAJ72
Sarah,Williams,UT52OAC4Y
Richard,Davis,SUKPOZBG2
Ashley,Clark,D39VM9ID3
Jessica,Scott,VJ0BD14B7
Sarah,Lee,JU1EY6C2N
Jennifer,Hill,KV3MQWRA4
Elizabeth,White,K97ADQP2C
John,Miller,1KZDVQ14Z
Emily,White,4PKT1XO80
Kevin,Gonzalez,MFSJF8UIU
Paul,Robinson,IPJO031BC
Anthony,Martin,P4QVIHUPD
Robert,Robinson,Q2KAFRYSJ
Sarah,Hernandez,UVS1WZQXV
Joshua,Johnson,RNRYOEDXR
Patricia,Wilson,UNP92WABB
Richard,King,FVLBH2CKS
Andrew,Wright,7DOKPNY6Q
Thomas,Martinez,4DEKAMT0F
Jessica,Anderson,52IW1VHOP
Mary,Allen,3SMV8JW7E
Kimberly,Torres,4POWW5V5B
Ashley,Sanchez,MCSFY355R
Donna,Perez,ATF7XUF5H
Matthew,Hill,7PJN30Q85
Patricia,Sanchez,HGMVRBFWY
Andrew,Smith,ZWC6CG1OP
Paul,King,4MVUZZYY8
Robert,Jackson,6HDUVMPWY
Nancy,Jackson,F95JGYY6L
Anthony,Taylor,QLV6MP5F7
Linda,Wilson,H7T6Y1171
Sandra,Gonzalez,WSE59UYJA
Sarah,Torres,TWZXDDCK2
Jessica,Hill,WALF279YG
Ashley,Smith,JSNCB3SG5
Mark,Rodriguez,PXK607RU2
Linda,Thompson,DUFWRGEUR
William,Thomas,KSZ1ZJ6D2
Steven,Nguyen,8WSZ6Y3NT
Lisa,Lee,10XCCTMYU
Linda,Garcia,N3O1N51ZE
Christopher,Martin,BTRGMTZ27
Mark,Gonzalez,DH94DD631
Karen,Johnson,SQZ863MX7
Christopher,Martin,AM9LCE3MI
Elizabeth,Thomas,LP1BCK2MH
Jessica,Scott,UO6YIQ2KM
Joseph,Gonzalez,6CBAPPVW2
Matthew,Jones,9JSEW6YB6
Patricia,Martinez,J86IWKPRK
Mark,Hill,VTSUOZ1S1
Elizabeth,Jackson,17YLIVNAG
Matthew,Gonzalez,YCQG0KZWG
Joseph,Perez,B9RW6QGJA
Michael,Nguyen,CM5181R1K
Charles,Thompson,BGRHBAMON
Dorothy,Wright,HP1EZ5BYX
Donna,Hernandez,PJ58533SI
Emily,Hernandez,PU6MS2PDY
Matthew,Allen,NY4RLHYUV
Matthew,White,FHZANUV47
Donna,Martin,8U0UPCNLO
Margaret,Johnson,TZIXM1LQI
Mary,Jackson,5IO71P0OC
Linda,Scott,MBXY5O8HG
Donna,Taylor,7JV65EUO8
Mary,Flores,BHND4YK0G
Lisa,Moore,3GG4NRHM3
Christopher,Martin,HZC69EQB6
Barbara,Thompson,V7700R1D1
Christopher,King,7SRMZWWDH
Lisa,Jackson,E1JGFG3O0
Steven,White,F9GTWTZE2
Kimberly,White,27P9AG6GR
Linda,Gonzalez,0BO6JUPUO
Richard,Davis,3XFYEUYYH
Michael,Rodriguez,AVARZFDY4
Patricia,Taylor,5QY9P0IRQ
Elizabeth,Wright,QDPQSFCMQ
Richard,Wilson,8YHMIYAOK
Mark,Torres,IN7YSTD37
Christopher,Davis,EN7N9SUGV
Lisa,Jones,O3P80NATO
Thomas,Smith,H6O2TOC1P
Jennifer,Davis,5TLPAV6EE
Linda,Clark,B148M5NTQ
Andrew,Young,Z9SJ4UFI2
Kimberly,Scott,G2PX9GOX6
Anthony,Harris,0ELLZAK1Y
Mark,Scott,DEKS2R4VJ
Mark,Hill,8BZXG2EA5
Nancy,Thompson,UMDXMK915
Kimberly,Walker,P6RXEMEOD
Jessica,Hill,AZQ7U2EQP
Patricia,Harris,MP7W8MJ6O
David,Gonzalez,KTA58JLOR
Sandra,Brown,TZSJJT441
Mark,White,FEL8YJ6BU
Kimberly,White,R0HUCAQQG
Emily,Robinson,M4OTE116R
Kimberly,Nguyen,UJX5W3A2I
Christopher,Brown,KWK77WZKK
Jennifer,Ramirez,AINIRWTZU
Barbara,King,6G53JEEQ8
Jessica,Jones,3LRXUCLGI
Anthony,Lee,IXONNIYRH
Steven,Hernandez,28EFF3IOB
Kevin,Allen,4HORUMMO2
Donna,Wright,5AMAFSJMO
Kevin,Sanchez,JT9LBNZ5G
Sandra,Wright,U6N9NRSD9
Thomas,Sanchez,577UZDFEZ
Susan,Wilson,QZ1CX0S9P
Margaret,Robinson,2HZ6XOAXP
Daniel,Johnson,CI916E0WL
Thomas,Scott,ULNXW5TMZ
Jessica,Thomas,UB6J3T20I
Linda,Young,AUK0BWOR3
Thomas,Taylor,NB3P8MILJ
Lisa,Allen,BTGSPAI5A
Richard,Martin,T352CES8Y
Charles,Thomas,7LYSZO2JH
William,Perez,DLRW0OAR3
Margaret,Perez,E9ILCJLRM
Anthony,Martinez,Y8TQNRTK0
Joseph,Robinson,DV54MIQUQ
Charles,Flores,1L574EN56
Christopher,Lewis,Y8H7YCD6Z
Emily,White,1TPV29XG7
Betty,Brown,8V6DILFG8
Donna,Walker,14FC7R5UE
Linda,Anderson,AJ08S2862
Barbara,Hill,JRECSF13B
Anthony,Martinez,4RSHX855G
Paul,White,1XF0FL6DC
Ashley,Johnson,QVMWWXI15
Robert,Wright,261PNV84D
Ashley,Garcia,SKA4CW6RN
Nancy,Harris,FCQM76NQV
Jessica,Garcia,ZTYYDUYRX
Paul,Perez,NLPY4DRBS
Matthew,White,AHD2A7HOU
Linda,Flores,S7UJESPHN
Steven,Young,9I8T5CBB0
Andrew,Harris,A7MS017DH
Thomas,Garcia,KI3BWBAE6
Lisa,Young,YIMM7GFIF
Steven,Lewis,R98KN4OGB
Emily,Wright,JO9RDUO55
Joshua,Wilson,5V4NRM0GD
Daniel,Jones,CIT2ES3XA
Emily,Torres,TDIBTGNKL
John,White,P0BI8ATAR
Dorothy,Hill,NQCUUQW7V
William,Garcia,WPGYF272W
Daniel,Martin,NDBQO6MZP
Kevin,Thompson,L39FMMBGS
Steven,Miller,J452KRZP4
Mary,Jones,WI5J0QF86
Sandra,Young,UGW9MLSO1
James,Harris,H9YKJNL9O
Karen,Rodriguez,TD20IRA1G
Margaret,Nguyen,SBXUBW9NK
James,Garcia,5F25XVN9D
Barbara,Robinson,NXKZ6P645
Linda,Johnson,B04AL2HVF
